{"cameraMode":{"drawMode":2,"name":"Shaded Wireframe","section":"Shading Mode"},"sceneLighting":false,"audioPlay":false,"sceneViewState":{"showFog":true,"showMaterialUpdate":true,"showSkybox":true,"showFlares":true,"showImageEffects":true,"showParticleSystems":true},"in2DMode":false,"pivot":{"x":13.019993782043457,"y":4.744738578796387,"z":5.967204570770264},"rotation":{"x":-0.09764277189970017,"y":-0.011347549967467785,"z":0.001113565405830741,"w":-0.9951562285423279},"size":33.82080078125,"orthographic":false}